{
  "id": "0191bc6b-3c9a-4805-9927-460ccffd7a32",
  "prevId": "00000000-0000-0000-0000-000000000000",
  "version": "7",
  "dialect": "postgresql",
  "tables": {
    "public.articles": {
      "name": "articles",
      "schema": "",
      "columns": {
        "id": {
          "name": "id",
          "type": "serial",
          "primaryKey": true,
          "notNull": true
        },
        "articleName": {
          "name": "articleName",
          "type": "varchar(255)",
          "primaryKey": false,
          "notNull": true
        },
        "link": {
          "name": "link",
          "type": "varchar(255)",
          "primaryKey": false,
          "notNull": true
        },
        "newsSource": {
          "name": "newsSource",
          "type": "varchar(255)",
          "primaryKey": false,
          "notNull": true
        },
        "content": {
          "name": "content",
          "type": "text",
          "primaryKey": false,
          "notNull": false
        },
        "author": {
          "name": "author",
          "type": "varchar",
          "primaryKey": false,
          "notNull": false
        },
        "biasRating": {
          "name": "biasRating",
          "type": "varchar(50)",
          "primaryKey": false,
          "notNull": false
        },
        "category": {
          "name": "category",
          "type": "varchar(100)",
          "primaryKey": false,
          "notNull": false
        },
        "summary": {
          "name": "summary",
          "type": "text",
          "primaryKey": false,
          "notNull": false
        },
        "imageUrl": {
          "name": "imageUrl",
          "type": "varchar(500)",
          "primaryKey": false,
          "notNull": false
        }
      },
      "indexes": {},
      "foreignKeys": {},
      "compositePrimaryKeys": {},
      "uniqueConstraints": {},
      "policies": {},
      "checkConstraints": {},
      "isRLSEnabled": false
    }
  },
  "enums": {},
  "schemas": {},
  "sequences": {},
  "roles": {},
  "policies": {},
  "views": {},
  "_meta": {
    "columns": {},
    "schemas": {},
    "tables": {}
  }
}